,team,random,integers
a,cubs,0.9537519278952807,2
b,pirates,0.4505166494841524,3
c,giants,0.06030869740689637,5
d,yankees,0.2283048578552067,8
e,donkeys,0.9945170625436185,13
